Argus;Affilié;Argus création;Produit;Marque;Modèle;Type;Prix partenaire grade A;Partenaire grade A;Prix client grade A;Prix partenaire grade A-;Partenaire grade A-;Prix client grade A-;Prix partenaire grade B;Partenaire grade B;Prix client grade B;Prix partenaire grade C;Partenaire grade C;Prix client grade C;Prix partenaire grade C-;Partenaire grade C-;Prix client grade C-;Prix partenaire grade D;Partenaire grade D;Prix client grade D;Prix partenaire grade D-;Partenaire grade D-;Prix client grade D-
85-116;CompaRecycle;01/06/2026;45806;Apple;iPhone 17 Pro Max 2To;Mobile;1495.1€;Grading-SimplyUsed;1495€;1490€;Grading-Ecofone;1490€;1359€;Grading-Ecofone;1359€;1247€;Grading-Ecofone;1247€;717€;Grading-Ecofone;717€;384,45€;Grading-Ecofone;384€;383€;Grading-Coqwel;383€
85-116;CompaRecycle;01/06/2026;45796;Apple;iPhone 17 Pro Max 1To;Mobile;1300€;Grading-Ecofone;1300€;1294€;Grading-Ecofone;1294€;1133€;Grading-Ecofone;1133€;1061€;Grading-Ecofone;1061€;717€;Grading-Ecofone;717€;384€;Grading-Ecofone;384€;383€;Grading-Coqwel;383€
85-116;CompaRecycle;01/06/2026;45793;Apple;iPhone 17 Pro 1To;Mobile;1228€;Grading-SimplyUsed;1228€;1206€;Grading-SimplyUsed;1206€;1052€;Grading-SimplyUsed;1052€;964€;Grading-SimplyUsed;964€;666€;Grading-Ecofone;666€;267€;Grading-Ecofone;267€;266€;Grading-Coqwel;266€
85-116;CompaRecycle;01/06/2026;45795;Apple;iPhone 17 Pro Max 512Go;Mobile;1163€;Grading-Ecofone;1163€;1153€;Grading-Ecofone;1153€;1035€;Grading-Ecofone;1035€;928€;Grading-Ecofone;928€;717€;Grading-Ecofone;717€;384€;Grading-Ecofone;384€;383€;Grading-Coqwel;383€
85-116;CompaRecycle;01/06/2026;45792;Apple;iPhone 17 Pro 512Go;Mobile;1084€;Grading-Ecofone;1084€;1075€;Grading-Ecofone;1075€;967€;Grading-Ecofone;967€;856€;Grading-NQ SOLUTIONS;856€;666€;Grading-Ecofone;666€;267€;Grading-Ecofone;267€;266€;Grading-Coqwel;266€
85-116;CompaRecycle;01/06/2026;45794;Apple;iPhone 17 Pro Max 256Go;Mobile;988€;Grading-SimplyUsed;988€;988€;Grading-SimplyUsed;988€;864€;Grading-NQ SOLUTIONS;864€;779€;Grading-NQ SOLUTIONS;779€;602€;Grading-FLIP;602€;378€;Grading-Coqwel;378€;378€;Grading-Coqwel;378€
85-116;CompaRecycle;01/06/2026;45791;Apple;iPhone 17 Pro 256Go;Mobile;923€;Grading-SimplyUsed;923€;915€;Grading-SimplyUsed;915€;806€;Grading-SimplyUsed;806€;722€;Grading-SimplyUsed;722€,1;544€;Grading-FLIP;544€;266€;Grading-Coqwel;266€;266€;Grading-Coqwel;266€
85-116;CompaRecycle;01/06/2026;44891;Apple;iPhone 16 Pro 1To;Mobile;862€;Grading-VALYUU;862€;862€;Grading-VALYUU;862€;753€;Grading-SimplyUsed;753€;727€;Grading-VALYUU;727€;519€;Grading-LANDIPHONE;519€;357€;Grading-ISR;357€;266€;Grading-Coqwel;266€
85-116;CompaRecycle;01/06/2026;44894;Apple;iPhone 16 Pro Max 1To;Mobile;850€;Grading-Ecofone;850€;845€;Grading-VALYUU;845€;814€;Grading-VALYUU;814€;756€;Grading-VALYUU;756€;662€;Grading-AMC;662€;432€;Grading-ISR;432€;383€;Grading-Coqwel;383€
85-116;CompaRecycle;01/06/2026;45850;Apple;iPhone 17 Air 1To;Mobile;773€;Grading-Ecofone;773€;773€;Grading-Ecofone;773€;686€;Grading-Ecofone;686€;660€;Grading-Ecofone;660€;107€;Grading-Ecofone;107€;97€;Grading-Ecofone;97€;34€;Grading-Phonestock;34€
85-116;CompaRecycle;01/06/2026;44893;Apple;iPhone 16 Pro Max 512Go;Mobile;724€;Grading-Ecofone;724€;723€;Grading-Ecofone;723€;699€;Grading-IMUDA;699€;695€;Grading-VALYUU;695€;539€;Grading-ISR;539€;383€;Grading-Coqwel;383€;383€;Grading-Coqwel;383€
85-116;CompaRecycle;01/06/2026;44890;Apple;iPhone 16 Pro 512Go;Mobile;714€;Grading-ADB;714€;705€;Grading-ADB;705€;671€;Grading-VALYUU;671€;637€;Grading-VALYUU;637€;519€;Grading-LANDIPHONE;519€;357€;Grading-ISR;357€;266€;Grading-Coqwel;266€
85-116;CompaRecycle;01/06/2026;43826;Apple;iPhone 15 Pro Max 1To;Mobile;689€;Grading-VALYUU;689€;689€;Grading-VALYUU;689€;689€;Grading-VALYUU;689€;651€;Grading-VALYUU;651€;552€;Grading-Coqwel;552€;405€;Grading-ISR;405€;322€;Grading-Coqwel;322€
85-116;CompaRecycle;01/06/2026;43823;Apple;iPhone 15 Pro 1To;Mobile;679€;Grading-ADB;679€;678€;Grading-VALYUU;678€;601€;Grading-ADB;601€;601€;Grading-VALYUU;601€;479€;Grading-FLIP;479€;378€;Grading-ISR;378€;306€;Grading-Coqwel;306€
85-116;CompaRecycle;01/06/2026;44887;Apple;iPhone 16 Plus 512Go;Mobile;673€;Grading-Ecofone;673€;673€;Grading-Ecofone;673€;604€;Grading-Ecofone;604€;544€;Grading-Ecofone;544€;460€;Grading-Ecofone;460€;324€;Grading-Ecofone;324€;225€;Grading-ITP TECHNOLOGIE;225€
85-116;CompaRecycle;01/06/2026;44892;Apple;iPhone 16 Pro Max 256Go;Mobile;670€;Grading-LANDIPHONE;670€;670€;Grading-LANDIPHONE;670€;669€;Grading-VALYUU;669€;646€;Grading-VALYUU;646€;524€;Grading-LANDIPHONE;524€;379€;Grading-ISR;379€;378€;Grading-Coqwel;378€
85-116;CompaRecycle;01/06/2026;45799;Apple;iPhone 17 Air 512Go;Mobile;653€;Grading-NQ SOLUTIONS;653€;653€;Grading-NQ SOLUTIONS;653€;605€;Grading-NQ SOLUTIONS;605€;559€;Grading-NQ SOLUTIONS;559€;105€;Grading-Phonestock;105€;86€;Grading-Phonestock;86€;34€;Grading-Phonestock;34€
85-116;CompaRecycle;01/06/2026;45798;Apple;iPhone 17 Air 256Go;Mobile;631€;Grading-NQ SOLUTIONS;631€;631€;Grading-NQ SOLUTIONS;631€;584€;Grading-NQ SOLUTIONS;584€;535€;Grading-NQ SOLUTIONS;535€;105€;Grading-Phonestock;105€;86€;Grading-Phonestock;86€;34€;Grading-Phonestock;34€
85-116;CompaRecycle;01/06/2026;44889;Apple;iPhone 16 Pro 256Go;Mobile;630€;Grading-ADB;630€;630€;Grading-ADB;630€;586€;Grading-FLIP;586€;539€;Grading-SimplyUsed;539€;539€;Grading-FLIP;539€;325€;Grading-ISR;325€;261€;Grading-Coqwel;261€
85-116;CompaRecycle;01/06/2026;45790;Apple;iPhone 17 512Go;Mobile;603€;Grading-FLIP;603€;599€;Grading-FLIP;599€;554€;Grading-FLIP;554€;535€;Grading-FLIP;535€;391€;Grading-FLIP;391€;243€;Grading-Coqwel;243€;243€;Grading-Coqwel;243€
85-116;CompaRecycle;01/06/2026;44884;Apple;iPhone 16 512Go;Mobile;564€;Grading-VALYUU;564€;564€;Grading-VALYUU;564€;522€;Grading-VALYUU;522€;497€;Grading-VALYUU;497€;440€;Grading-FLIP;440€;342€;Grading-ISR;342€;243€;Grading-ISR;243€
85-116;CompaRecycle;01/06/2026;45195;Apple;iPhone 16 Pro e-Sim 1To;Mobile;562€;Grading-SimplyUsed;562€;562€;Grading-SimplyUsed;562€;538€;Grading-SimplyUsed;538€;532€;Grading-SimplyUsed;532€;206€;Grading-IMUDA;206€;25€;Grading-Phonestock;25€;10€;Grading-Phonestock;10€
85-116;CompaRecycle;01/06/2026;43825;Apple;iPhone 15 Pro Max 512Go;Mobile;561€;Grading-ADB;561€;559€;Grading-VALYUU;559€;552€;Grading-VALYUU;552€;552€;Grading-VALYUU;552€;455€;Grading-AMC;455€;360€;Grading-ISR;360€;322€;Grading-Coqwel;322€
85-116;CompaRecycle;01/06/2026;44888;Apple;iPhone 16 Pro 128Go;Mobile;561€;Grading-LANDIPHONE;561€;552€;Grading-LANDIPHONE;552€;525€;Grading-AMC;525€;525€;Grading-AMC;525€;511€;Grading-AMC;511€;312€;Grading-ISR;312€;207€;Grading-ISR;207€
85-116;CompaRecycle;01/06/2026;45194;Apple;iPhone 16 Pro e-Sim 512Go;Mobile;556€;Grading-SimplyUsed;556€;556€;Grading-SimplyUsed;556€;532€;Grading-SimplyUsed;532€;532€;Grading-SimplyUsed;532€;135€;Grading-Phonestock;135€;25€;Grading-Phonestock;25€;10€;Grading-Phonestock;10€
85-116;CompaRecycle;01/06/2026;43822;Apple;iPhone 15 Pro 512Go;Mobile;555€;Grading-VALYUU;555€;555€;Grading-VALYUU;555€;539€;Grading-ISR;539€;531€;Grading-VALYUU;531€;410€;Grading-Coqwel;410€;360€;Grading-ISR;360€;301€;Grading-Coqwel;301€
85-116;CompaRecycle;01/06/2026;39577;Apple;iPhone 14 Pro Max 1To;Mobile;547€;Grading-ADB;547€;539€;Grading-ADB;539€;539€;Grading-ISR;539€;508€;Grading-ADB;508€;390€;Grading-ISR;390€;306€;Grading-ISR;306€;270€;Grading-ISR;270€
85-116;CompaRecycle;01/06/2026;44886;Apple;iPhone 16 Plus 256Go;Mobile;544€;Grading-ADB;544€;534€;Grading-ADB;534€;529€;Grading-FLIP;529€;509€;Grading-FLIP;509€;380€;Grading-FLIP;380€;316€;Grading-ISR;316€;209€;Grading-ITP TECHNOLOGIE;209€
85-116;CompaRecycle;01/06/2026;44883;Apple;iPhone 16 256Go;Mobile;539€;Grading-bloo;539€;519€;Grading-ADB;519€;498€;Grading-MobileRecycle;498€;496€;Grading-MobileRecycle;496€;410€;Grading-FLIP;410€;320€;Grading-ISR;320€;232€;Grading-Coqwel;232€
85-116;CompaRecycle;01/06/2026;45789;Apple;iPhone 17 256Go;Mobile;537€;Grading-FLIP;537€;518€;Grading-FLIP;518€;531€;Grading-FLIP;531€;464€;Grading-FLIP;464€;391€;Grading-FLIP;391€;241€;Grading-Coqwel;241€;241€;Grading-Coqwel;241€
85-116;CompaRecycle;01/06/2026;45185;Apple;iPhone 16e 512Go;Mobile;535€;Grading-FLIP;535€;535€;Grading-FLIP;535€;433€;Grading-FLIP;433€;379€;Grading-FLIP;379€;323€;Grading-FLIP;323€;93€;Grading-Phonestock;93€;88€;Grading-ITP TECHNOLOGIE;88€
85-116;CompaRecycle;01/06/2026;43824;Apple;iPhone 15 Pro Max 256Go;Mobile;524€;Grading-FLIP;524€;518€;Grading-ADB;518€;517€;Grading-AMC;517€;517€;Grading-AMC;517€;455€;Grading-AMC;455€;327€;Grading-ISR;327€;319€;Grading-Coqwel;319€
85-116;CompaRecycle;01/06/2026;43816;Apple;iPhone 15 512Go;Mobile;521€;Grading-Ecofone;521€;520€;Grading-Ecofone;520€;501€;Grading-VALYUU;501€;468€;Grading-VALYUU;468€;351€;Grading-Coqwel;351€;261€;Grading-Coqwel;261€;261€;Grading-Coqwel;261€
85-116;CompaRecycle;01/06/2026;45188;Apple;iPhone 16 e-Sim 512Go;Mobile;521€;Grading-SimplyUsed;521€;521€;Grading-SimplyUsed;521€;502€;Grading-SimplyUsed;502€;468€;Grading-VALYUU;468€;130€;Grading-Phonestock;130€;14€;Grading-Phonestock;14€;1€;Grading-SimplyUsed;1€
85-116;CompaRecycle;01/06/2026;39573;Apple;iPhone 14 Pro 1To;Mobile;519€;Grading-FLIP;519€;519€;Grading-ADB;519€;480€;Grading-VALYUU;480€;480€;Grading-VALYUU;480€;418€;Grading-ITP TECHNOLOGIE;418€;320€;Grading-ISR;320€;253€;Grading-Coqwel;253€
85-116;CompaRecycle;01/06/2026;43819;Apple;iPhone 15 Plus 512Go;Mobile;511€;Grading-Ecofone;511€;511€;Grading-Ecofone;511€;490€;Grading-Ecofone;490€;449€;Grading-Ecofone;449€;369€;Grading-Phonestock;369€;306€;Grading-ISR;306€;216€;Grading-ISR;216€
85-116;CompaRecycle;01/06/2026;44885;Apple;iPhone 16 Plus 128Go;Mobile;509€;Grading-ADB;509€;506€;Grading-VALYUU;506€;500€;Grading-VALYUU;500€;487€;Grading-VALYUU;487€;351€;Grading-FLIP;351€;288€;Grading-ISR;288€;190€;Grading-ISR;190€
85-116;CompaRecycle;01/06/2026;45191;Apple;iPhone 16 Plus e-SIm 512Go;Mobile;497€;Grading-VALYUU;497€;497€;Grading-VALYUU;497€;448€;Grading-VALYUU;448€;448€;Grading-VALYUU;448€;172€;Grading-SimplyUsed;172€;21€;Grading-Phonestock;21€;10€;Grading-SimplyUsed;10€
85-116;CompaRecycle;01/06/2026;43821;Apple;iPhone 15 Pro 256Go;Mobile;487€;Grading-ADB;487€;487€;Grading-ADB;487€;459€;Grading-IMUDA;459€;444€;Grading-VALYUU;444€;410€;Grading-Coqwel;410€;315€;Grading-ISR;315€;297€;Grading-Coqwel;297€
85-116;CompaRecycle;01/06/2026;45198;Apple;iPhone 16 Pro Max e-Sim 1To;Mobile;479€;Grading-SimplyUsed;479€;479€;Grading-SimplyUsed;479€;453€;Grading-SimplyUsed;453€;449€;Grading-SimplyUsed;449€;223€;Grading-IMUDA;223€;19€;Grading-BRAINSCAPE;19€;5€;Grading-BRAINSCAPE;5€
85-116;CompaRecycle;01/06/2026;39576;Apple;iPhone 14 Pro Max 512Go;Mobile;478€;Grading-ADB;478€;469€;Grading-ADB;469€;463€;Grading-VALYUU;463€;463€;Grading-VALYUU;463€;375€;Grading-MobileRecycle;375€;306€;Grading-ITP TECHNOLOGIE;306€;270€;Grading-ISR;270€
85-116;CompaRecycle;01/06/2026;45196;Apple;iPhone 16 Pro Max e-Sim 256Go;Mobile;475€;Grading-IMUDA;475€;475€;Grading-IMUDA;475€;449€;Grading-IMUDA;449€;448€;Grading-VALYUU;448€;130€;Grading-Phonestock;130€;14€;Grading-Phonestock;14€;5€;Grading-BRAINSCAPE;5€
85-116;CompaRecycle;01/06/2026;45197;Apple;iPhone 16 Pro Max e-Sim 512Go;Mobile;475€;Grading-IMUDA;475€;475€;Grading-IMUDA;475€;449€;Grading-IMUDA;449€;449€;Grading-SimplyUsed;449€;130€;Grading-IMUDA;130€;14€;Grading-Phonestock;14€;5€;Grading-BRAINSCAPE;5€
85-116;CompaRecycle;01/06/2026;43820;Apple;iPhone 15 Pro 128Go;Mobile;469€;Grading-IMUDA;469€;449€;Grading-IMUDA;449€;440€;Grading-IMUDA;440€;410€;Grading-Coqwel;410€;400€;Grading-Coqwel;400€;292€;Grading-ISR;292€;287€;Grading-ITP TECHNOLOGIE;287€
85-116;CompaRecycle;01/06/2026;44882;Apple;iPhone 16 128Go;Mobile;457€;Grading-eRecycle;457€;457€;Grading-eRecycle;457€;448€;Grading-eRecycle;448€;437€;Grading-SimplyUsed;437€;404€;Grading-eRecycle;404€;319€;Grading-eRecycle;319€;229€;Grading-Coqwel;229€
85-116;CompaRecycle;01/06/2026;45184;Apple;iPhone 16e 256Go;Mobile;442€;Grading-VALYUU;442€;442€;Grading-VALYUU;442€;432€;Grading-VALYUU;432€;378€;Grading-VALYUU;378€;253€;Grading-NQ SOLUTIONS;253€;87€;Grading-eRecycle;87€;82€;Grading-ITP TECHNOLOGIE;82€
85-116;CompaRecycle;01/06/2026;38547;Apple;iPhone 13 Pro Max 1To;Mobile;440€;Grading-ADB;440€;420€;Grading-ADB;420€;410€;Grading-VALYUU;410€;387€;Grading-VALYUU;387€;301€;Grading-Phonestock;301€;230€;Grading-ISR;230€;180€;Grading-Coqwel;180€
85-116;CompaRecycle;01/06/2026;43818;Apple;iPhone 15 Plus 256Go;Mobile;440€;Grading-SimplyUsed;440€;440€;Grading-SimplyUsed;440€;401€;Grading-MobileRecycle;401€;401€;Grading-MobileRecycle;401€;311€;Grading-FLIP;311€;256€;Grading-ISR;256€;172€;Grading-ISR;172€
85-116;CompaRecycle;01/06/2026;39572;Apple;iPhone 14 Pro 512Go;Mobile;420€;Grading-ADB;420€;420€;Grading-ADB;420€;410€;Grading-ADB;410€;394€;Grading-VALYUU;394€;358€;Grading-ITP TECHNOLOGIE;358€;289€;Grading-ISR;289€;253€;Grading-Coqwel;253€
85-116;CompaRecycle;01/06/2026;45190;Apple;iPhone 16 Plus e-SIm 256Go;Mobile;414€;Grading-IMUDA;414€;414€;Grading-IMUDA;414€;346€;Grading-IMUDA;346€;345€;Grading-VALYUU;345€;135€;Grading-Phonestock;135€;21€;Grading-Phonestock;21€;5€;Grading-Phonestock;5€
85-116;CompaRecycle;01/06/2026;43815;Apple;iPhone 15 256Go;Mobile;413€;Grading-MILERS;413€;403€;Grading-MILERS;403€;385€;Grading-MILERS;385€;369€;Grading-MILERS;369€;346€;Grading-Coqwel;346€;261€;Grading-Coqwel;261€;261€;Grading-Coqwel;261€
85-116;CompaRecycle;01/06/2026;38548;Apple;iPhone 13 Pro Max 512Go;Mobile;411€;Grading-FLIP;411€;405€;Grading-FLIP;405€;351€;Grading-ADB;351€;351€;Grading-ISR;351€;301€;Grading-Phonestock;301€;228€;Grading-ISR;228€;180€;Grading-Coqwel;180€
85-116;CompaRecycle;01/06/2026;39575;Apple;iPhone 14 Pro Max 256Go;Mobile;410€;Grading-bloo;410€;410€;Grading-SimplyUsed;410€;390€;Grading-IMUDA;390€;351€;Grading-MobileRecycle;351€;331€;Grading-Coqwel;331€;279€;Grading-ISR;279€;265€;Grading-Coqwel;265€
85-116;CompaRecycle;01/06/2026;45192;Apple;iPhone 16 Pro e-Sim 128Go;Mobile;407€;Grading-SimplyUsed;407€;405€;Grading-SimplyUsed;405€;373€;Grading-SimplyUsed;373€;370€;Grading-SimplyUsed;370€;132€;Grading-IMUDA;132€;21€;Grading-Ecofone;21€;3€;Grading-ITP TECHNOLOGIE;3€
85-116;CompaRecycle;01/06/2026;45193;Apple;iPhone 16 Pro e-Sim 256Go;Mobile;407€;Grading-SimplyUsed;407€;405€;Grading-SimplyUsed;405€;373€;Grading-SimplyUsed;373€;370€;Grading-SimplyUsed;370€;132€;Grading-IMUDA;132€;21€;Grading-Ecofone;21€;5€;Grading-BRAINSCAPE;5€
85-116;CompaRecycle;01/06/2026;39574;Apple;iPhone 14 Pro Max 128Go;Mobile;398€;Grading-ADB;398€;394€;Grading-ADB;394€;351€;Grading-ADB;351€;331€;Grading-FLIP;331€;306€;Grading-Coqwel;306€;261€;Grading-ISR;261€;252€;Grading-Coqwel;252€
85-116;CompaRecycle;01/06/2026;45797;Apple;iPhone 17 Air 128Go;Mobile;393€;Grading-IMUDA;393€;392€;Grading-IMUDA;392€;374€;Grading-NQ SOLUTIONS;374€;370€;Grading-QUALIMOBILE;370€;105€;Grading-Phonestock;105€;86€;Grading-Phonestock;86€;34€;Grading-Phonestock;34€
85-116;CompaRecycle;01/06/2026;43817;Apple;iPhone 15 Plus 128Go;Mobile;390€;Grading-ADB;390€;370€;Grading-ADB;370€;341€;Grading-bloo;341€;311€;Grading-ISR;311€;261€;Grading-FLIP;261€;225€;Grading-ISR;225€;163€;Grading-ISR;163€
85-116;CompaRecycle;01/06/2026;45187;Apple;iPhone 16 e-Sim 256Go;Mobile;386€;Grading-IMUDA;386€;386€;Grading-IMUDA;386€;367€;Grading-IMUDA;367€;366€;Grading-VALYUU;366€;130€;Grading-IMUDA;130€;14€;Grading-Phonestock;14€;1€;Grading-SimplyUsed;1€
85-116;CompaRecycle;01/06/2026;38543;Apple;iPhone 13 Pro 1To;Mobile;382€;Grading-Ecofone;382€;381€;Grading-FLIP;381€;358€;Grading-VALYUU;358€;356€;Grading-VALYUU;356€;326€;Grading-ISR;326€;227€;Grading-ISR;227€;167€;Grading-ITP TECHNOLOGIE;167€
85-116;CompaRecycle;01/06/2026;39569;Apple;iPhone 14 Plus 512Go;Mobile;380€;Grading-ADB;380€;380€;Grading-ADB;380€;348€;Grading-VALYUU;348€;348€;Grading-VALYUU;348€;276€;Grading-Coqwel;276€;225€;Grading-ISR;225€;204€;Grading-ISR;204€
85-116;CompaRecycle;01/06/2026;43876;Apple;iPhone 15 Pro Max e-Sim 1To;Mobile;376€;Grading-Ecofone;376€;376€;Grading-Ecofone;376€;347€;Grading-Ecofone;347€;308€;Grading-Ecofone;308€;304€;Grading-IMUDA;304€;225€;Grading-ISR;225€;206€;Grading-ITP TECHNOLOGIE;206€
85-116;CompaRecycle;01/06/2026;43873;Apple;iPhone 15 Pro e-Sim 1To;Mobile;373€;Grading-SimplyUsed;373€;371€;Grading-SimplyUsed;371€;351€;Grading-ISR;351€;335€;Grading-SimplyUsed;335€;302€;Grading-Ecofone;302€;229€;Grading-Ecofone;229€;186€;Grading-ITP TECHNOLOGIE;186€
85-116;CompaRecycle;01/06/2026;39571;Apple;iPhone 14 Pro 256Go;Mobile;359€;Grading-ADB;359€;359€;Grading-ADB;359€;341€;Grading-IMUDA;341€;334€;Grading-MobileRecycle;334€;311€;Grading-Coqwel;311€;270€;Grading-ISR;270€;252€;Grading-Coqwel;252€
85-116;CompaRecycle;01/06/2026;43814;Apple;iPhone 15 128Go;Mobile;352€;Grading-NQ SOLUTIONS;352€;351€;Grading-bloo;351€;342€;Grading-MILERS;342€;305€;Grading-LANDIPHONE;305€;304€;Grading-AMC;304€;218€;Grading-ISR;218€;207€;Grading-MILERS;207€
85-116;CompaRecycle;01/06/2026;39566;Apple;iPhone 14 512Go;Mobile;351€;Grading-FLIP;351€;351€;Grading-FLIP;351€;322€;Grading-FLIP;322€;318€;Grading-Ecofone;318€;237€;Grading-FLIP;237€;184€;Grading-ISR;184€;163€;Grading-MILERS;163€
85-116;CompaRecycle;01/06/2026;39570;Apple;iPhone 14 Pro 128Go;Mobile;351€;Grading-bloo;351€;348€;Grading-ADB;348€;321€;Grading-ISR;321€;306€;Grading-Coqwel;306€;306€;Grading-Coqwel;306€;236€;Grading-ISR;236€;225€;Grading-Coqwel;225€
85-116;CompaRecycle;01/06/2026;43872;Apple;iPhone 15 Pro e-Sim 512Go;Mobile;351€;Grading-ISR;351€;351€;Grading-ISR;351€;351€;Grading-ISR;351€;287€;Grading-SimplyUsed;287€;237€;Grading-Ecofone;237€;210€;Grading-ITP TECHNOLOGIE;210€;159€;Grading-ITP TECHNOLOGIE;159€
85-116;CompaRecycle;01/06/2026;43875;Apple;iPhone 15 Pro Max e-Sim 512Go;Mobile;351€;Grading-Ecofone;351€;351€;Grading-Ecofone;351€;325€;Grading-Ecofone;325€;308€;Grading-Ecofone;308€;304€;Grading-IMUDA;304€;218€;Grading-Ecofone;218€;206€;Grading-ITP TECHNOLOGIE;206€
85-116;CompaRecycle;01/06/2026;39649;Apple;iPhone 14 Pro e-SIM 512Go;Mobile;340€;Grading-Ecofone;340€;263€;Grading-Ecofone;263€;259€;Grading-IMUDA;259€;257€;Grading-Ecofone;257€;175€;Grading-Ecofone;175€;147€;Grading-ISR;147€;76€;Grading-ISR;76€
85-116;CompaRecycle;01/06/2026;39650;Apple;iPhone 14 Pro e-SIM 256Go;Mobile;340€;Grading-Ecofone;340€;262€;Grading-IMUDA;262€;259€;Grading-IMUDA;259€;257€;Grading-Ecofone;257€;175€;Grading-Ecofone;175€;109€;Grading-ISR;109€;73€;Grading-ISR;73€
85-116;CompaRecycle;01/06/2026;39651;Apple;iPhone 14 Pro e-SIM 1To;Mobile;340€;Grading-Ecofone;340€;272€;Grading-Ecofone;272€;265€;Grading-Ecofone;265€;257€;Grading-Ecofone;257€;233€;Grading-Phonestock;233€;147€;Grading-ISR;147€;76€;Grading-ISR;76€
85-116;CompaRecycle;01/06/2026;45183;Apple;iPhone 16e 128Go;Mobile;330€;Grading-eRecycle;330€;329€;Grading-eRecycle;329€;310€;Grading-eRecycle;310€;265€;Grading-eRecycle;265€;193€;Grading-eRecycle;193€;87€;Grading-eRecycle;87€;75€;Grading-eRecycle;75€
85-116;CompaRecycle;01/06/2026;39568;Apple;iPhone 14 Plus 256Go;Mobile;326€;Grading-ADB;326€;316€;Grading-ADB;316€;291€;Grading-FLIP;291€;282€;Grading-MobileRecycle;282€;263€;Grading-Phonestock;263€;190€;Grading-ISR;190€;163€;Grading-ISR;163€
85-116;CompaRecycle;01/06/2026;38549;Apple;iPhone 13 Pro Max 256Go;Mobile;321€;Grading-ADB;321€;320€;Grading-ADB;320€;311€;Grading-ISR;311€;303€;Grading-AMC;303€;283€;Grading-AMC;283€;228€;Grading-ISR;228€;180€;Grading-Coqwel;180€
85-116;CompaRecycle;01/06/2026;45189;Apple;iPhone 16 Plus e-SIm 128Go;Mobile;318€;Grading-IMUDA;318€;318€;Grading-IMUDA;318€;289€;Grading-IMUDA;289€;288€;Grading-VALYUU;288€;130€;Grading-IMUDA;130€;14€;Grading-Phonestock;14€;1€;Grading-SimplyUsed;1€
85-116;CompaRecycle;01/06/2026;38544;Apple;iPhone 13 Pro 512Go;Mobile;316€;Grading-FLIP;316€;316€;Grading-FLIP;316€;281€;Grading-ADB;281€;272€;Grading-SimplyUsed;272€;261€;Grading-ISR;261€;216€;Grading-ISR;216€;167€;Grading-ITP TECHNOLOGIE;167€
85-116;CompaRecycle;01/06/2026;43874;Apple;iPhone 15 Pro Max e-Sim 256Go;Mobile;313€;Grading-SimplyUsed;313€;312€;Grading-IMUDA;312€;312€;Grading-IMUDA;312€;260€;Grading-IMUDA;260€;235€;Grading-IMUDA;235€;145€;Grading-ISR;145€;126€;Grading-ITP TECHNOLOGIE;126€
85-116;CompaRecycle;01/06/2026;38540;Apple;iPhone 13 Mini 512Go;Mobile;301€;Grading-ADB;301€;301€;Grading-ADB;301€;271€;Grading-ADB;271€;242€;Grading-ADB;242€;206€;Grading-Largo;206€;127€;Grading-ISR;127€;74€;Grading-ITP TECHNOLOGIE;74€
85-116;CompaRecycle;01/06/2026;38545;Apple;iPhone 13 Pro 256Go;Mobile;301€;Grading-FLIP;301€;301€;Grading-ADB;301€;277€;Grading-MobileRecycle;277€;260€;Grading-MobileRecycle;260€;244€;Grading-ISR;244€;190€;Grading-ISR;190€;163€;Grading-Coqwel;163€
85-116;CompaRecycle;01/06/2026;43871;Apple;iPhone 15 Pro e-Sim 256Go;Mobile;299€;Grading-SimplyUsed;299€;297€;Grading-SimplyUsed;297€;264€;Grading-SimplyUsed;264€;257€;Grading-SimplyUsed;257€;236€;Grading-IMUDA;236€;210€;Grading-ITP TECHNOLOGIE;210€;159€;Grading-ITP TECHNOLOGIE;159€
85-116;CompaRecycle;01/06/2026;45186;Apple;iPhone 16 e-Sim 128Go;Mobile;298€;Grading-IMUDA;298€;298€;Grading-IMUDA;298€;298€;Grading-IMUDA;298€;297€;Grading-VALYUU;297€;130€;Grading-Phonestock;130€;14€;Grading-Phonestock;14€;1€;Grading-SimplyUsed;1€
85-116;CompaRecycle;01/06/2026;38546;Apple;iPhone 13 Pro Max 128Go;Mobile;295€;Grading-AMC;295€;295€;Grading-AMC;295€;295€;Grading-AMC;295€;295€;Grading-AMC;295€;253€;Grading-AMC;253€;196€;Grading-ISR;196€;176€;Grading-Coqwel;176€
85-116;CompaRecycle;01/06/2026;39655;Apple;iPhone 14 Pro Max e-SIM 1To;Mobile;293€;Grading-SimplyUsed;293€;284€;Grading-Ecofone;284€;259€;Grading-SimplyUsed;259€;253€;Grading-Ecofone;253€;230€;Grading-Ecofone;230€;194€;Grading-Ecofone;194€;136€;Grading-ITP TECHNOLOGIE;136€
85-116;CompaRecycle;01/06/2026;43869;Apple;iPhone 15 Plus e-Sim 512Go;Mobile;292€;Grading-Ecofone;292€;292€;Grading-Ecofone;292€;255€;Grading-Ecofone;255€;252€;Grading-Ecofone;252€;180€;Grading-Ecofone;180€;132€;Grading-Ecofone;132€;127€;Grading-ITP TECHNOLOGIE;127€
85-116;CompaRecycle;01/06/2026;39565;Apple;iPhone 14 256Go;Mobile;286€;Grading-bloo;286€;271€;Grading-MobileRecycle;271€;255€;Grading-MobileRecycle;255€;245€;Grading-MobileRecycle;245€;215€;Grading-AMC;215€;181€;Grading-ISR;181€;163€;Grading-MILERS;163€
85-116;CompaRecycle;01/06/2026;39654;Apple;iPhone 14 Pro Max e-SIM 512Go;Mobile;284€;Grading-Ecofone;284€;284€;Grading-Ecofone;284€;258€;Grading-Ecofone;258€;253€;Grading-Ecofone;253€;229€;Grading-ITP TECHNOLOGIE;229€;188€;Grading-ITP TECHNOLOGIE;188€;136€;Grading-ITP TECHNOLOGIE;136€
85-116;CompaRecycle;01/06/2026;39658;Apple;iPhone 14 e-SIM 512Go;Mobile;271€;Grading-Ecofone;271€;241€;Grading-Ecofone;241€;241€;Grading-Ecofone;241€;236€;Grading-Ecofone;236€;181€;Grading-Ecofone;181€;131€;Grading-Ecofone;131€;113€;Grading-ITP TECHNOLOGIE;113€
85-116;CompaRecycle;01/06/2026;43870;Apple;iPhone 15 Pro e-Sim 128Go;Mobile;270€;Grading-SimplyUsed;270€;264€;Grading-IMUDA;264€;258€;Grading-IMUDA;258€;216€;Grading-SimplyUsed;216€;209€;Grading-IMUDA;209€;126€;Grading-ITP TECHNOLOGIE;126€;73€;Grading-ISR;73€
85-116;CompaRecycle;01/06/2026;36555;Apple;iPhone 12 Pro Max 512Go;Mobile;265€;Grading-VALYUU;265€;265€;Grading-VALYUU;265€;246€;Grading-VALYUU;246€;232€;Grading-VALYUU;232€;199€;Grading-ISR;199€;163€;Grading-ISR;163€;121€;Grading-ITP TECHNOLOGIE;121€
85-116;CompaRecycle;01/06/2026;38537;Apple;iPhone 13 512Go;Mobile;265€;Grading-FLIP;265€;265€;Grading-FLIP;265€;246€;Grading-FLIP;246€;244€;Grading-FLIP;244€;184€;Grading-Phonestock;184€;145€;Grading-ISR;145€;118€;Grading-MILERS;118€
85-116;CompaRecycle;01/06/2026;39564;Apple;iPhone 14 128Go;Mobile;258€;Grading-NQ SOLUTIONS;258€;249€;Grading-NQ SOLUTIONS;249€;247€;Grading-NQ SOLUTIONS;247€;215€;Grading-AMC;215€;215€;Grading-AMC;215€;163€;Grading-ISR;163€;144€;Grading-MILERS;144€
85-116;CompaRecycle;01/06/2026;43866;Apple;iPhone 15 e-Sim 512Go;Mobile;258€;Grading-SimplyUsed;258€;256€;Grading-SimplyUsed;256€;256€;Grading-SimplyUsed;256€;255€;Grading-SimplyUsed;255€;201€;Grading-ITP TECHNOLOGIE;201€;91€;Grading-ISR;91€;80€;Grading-ITP TECHNOLOGIE;80€
85-116;CompaRecycle;01/06/2026;38542;Apple;iPhone 13 Pro 128Go;Mobile;254€;Grading-MILERS;254€;252€;Grading-MILERS;252€;252€;Grading-MILERS;252€;201€;Grading-Ecofone;201€;182€;Grading-Phonestock;182€;154€;Grading-ISR;154€;103€;Grading-ITP TECHNOLOGIE;103€
85-116;CompaRecycle;01/06/2026;43868;Apple;iPhone 15 Plus e-Sim 256Go;Mobile;254€;Grading-SimplyUsed;254€;252€;Grading-Ecofone;252€;251€;Grading-Ecofone;251€;248€;Grading-SimplyUsed;248€;176€;Grading-Phonestock;176€;82€;Grading-Ecofone;82€;67€;Grading-ITP TECHNOLOGIE;67€
85-116;CompaRecycle;01/06/2026;39653;Apple;iPhone 14 Pro Max e-SIM 256Go;Mobile;253€;Grading-Ecofone;253€;252€;Grading-SimplyUsed;252€;251€;Grading-Ecofone;251€;249€;Grading-Ecofone;249€;229€;Grading-ITP TECHNOLOGIE;229€;169€;Grading-ITP TECHNOLOGIE;169€;136€;Grading-ITP TECHNOLOGIE;136€
85-116;CompaRecycle;01/06/2026;39652;Apple;iPhone 14 Pro Max e-SIM 128Go;Mobile;252€;Grading-SimplyUsed;252€;250€;Grading-SimplyUsed;250€;248€;Grading-SimplyUsed;248€;218€;Grading-SimplyUsed;218€;172€;Grading-Phonestock;172€;151€;Grading-ISR;151€;135€;Grading-ITP TECHNOLOGIE;135€
85-116;CompaRecycle;01/06/2026;43867;Apple;iPhone 15 Plus e-Sim 128Go;Mobile;252€;Grading-Ecofone;252€;251€;Grading-Ecofone;251€;249€;Grading-Ecofone;249€;247€;Grading-Ecofone;247€;176€;Grading-Ecofone;176€;78€;Grading-Ecofone;78€;32€;Grading-ISR;32€
85-116;CompaRecycle;01/06/2026;39567;Apple;iPhone 14 Plus 128Go;Mobile;251€;Grading-ADB;251€;249€;Grading-ADB;249€;234€;Grading-IMUDA;234€;220€;Grading-VALYUU;220€;212€;Grading-Coqwel;212€;152€;Grading-ISR;152€;127€;Grading-Coqwel;127€
85-116;CompaRecycle;01/06/2026;39648;Apple;iPhone 14 Pro e-SIM 128Go;Mobile;243€;Grading-Ecofone;243€;234€;Grading-Ecofone;234€;214€;Grading-Ecofone;214€;200€;Grading-Ecofone;200€;174€;Grading-Phonestock;174€;82€;Grading-ISR;82€;65€;Grading-ITP TECHNOLOGIE;65€
85-116;CompaRecycle;01/06/2026;43865;Apple;iPhone 15 e-Sim 256Go;Mobile;240€;Grading-SimplyUsed;240€;238€;Grading-SimplyUsed;238€;211€;Grading-SimplyUsed;211€;206€;Grading-SimplyUsed;206€;158€;Grading-Ecofone;158€;77€;Grading-Ecofone;77€;52€;Grading-ITP TECHNOLOGIE;52€
85-116;CompaRecycle;01/06/2026;39661;Apple;iPhone 14 Plus e-SIM 512Go;Mobile;230€;Grading-SimplyUsed;230€;221€;Grading-SimplyUsed;221€;209€;Grading-SimplyUsed;209€;190€;Grading-SimplyUsed;190€;173€;Grading-Ecofone;173€;109€;Grading-ITP TECHNOLOGIE;109€;62€;Grading-ITP TECHNOLOGIE;62€
85-116;CompaRecycle;01/06/2026;36554;Apple;iPhone 12 Pro Max 256Go;Mobile;225€;Grading-ADB;225€;224€;Grading-ADB;224€;203€;Grading-ADB;203€;184€;Grading-ISR;184€;184€;Grading-ISR;184€;154€;Grading-ISR;154€;114€;Grading-ISR;114€
85-116;CompaRecycle;01/06/2026;45201;Apple;iPhone 16e e-Sim 512Go;Mobile;223€;Grading-Ecofone;223€;223€;Grading-Ecofone;223€;187€;Grading-Ecofone;187€;167€;Grading-Ecofone;167€;137€;Grading-Phonestock;137€;19€;Grading-Phonestock;19€;10€;Grading-SimplyUsed;10€
85-116;CompaRecycle;01/06/2026;36552;Apple;iPhone 12 Pro 512Go;Mobile;213€;Grading-Ecofone;213€;209€;Grading-ADB;209€;203€;Grading-Ecofone;203€;202€;Grading-Phonestock;202€;196€;Grading-Phonestock;196€;127€;Grading-ITP TECHNOLOGIE;127€;90€;Grading-ITP TECHNOLOGIE;90€
85-116;CompaRecycle;01/06/2026;36553;Apple;iPhone 12 Pro Max 128Go;Mobile;212€;Grading-bloo;212€;199€;Grading-bloo;199€;179€;Grading-bloo;179€;164€;Grading-ITP TECHNOLOGIE;164€;155€;Grading-ITP TECHNOLOGIE;155€;118€;Grading-ISR;118€;62€;Grading-ITP TECHNOLOGIE;62€
85-116;CompaRecycle;01/06/2026;39660;Apple;iPhone 14 Plus e-SIM 256Go;Mobile;210€;Grading-SimplyUsed;210€;210€;Grading-SimplyUsed;210€;177€;Grading-SimplyUsed;177€;166€;Grading-SimplyUsed;166€;160€;Grading-Phonestock;160€;68€;Grading-Ecofone;68€;60€;Grading-ITP TECHNOLOGIE;60€
85-116;CompaRecycle;01/06/2026;38538;Apple;iPhone 13 256Go;Mobile;209€;Grading-bloo;209€;204€;Grading-ADB;204€;200€;Grading-MILERS;200€;191€;Grading-MILERS;191€;166€;Grading-Phonestock;166€;145€;Grading-ISR;145€;118€;Grading-ISR;118€
85-116;CompaRecycle;01/06/2026;43864;Apple;iPhone 15 e-Sim 128Go;Mobile;209€;Grading-ISR;209€;209€;Grading-ISR;209€;209€;Grading-ISR;209€;168€;Grading-SimplyUsed;168€;150€;Grading-ITP TECHNOLOGIE;150€;73€;Grading-ISR;73€;28€;Grading-ITP TECHNOLOGIE;28€
85-116;CompaRecycle;01/06/2026;38541;Apple;iPhone 13 Mini 256Go;Mobile;208€;Grading-FLIP;208€;204€;Grading-FLIP;204€;192€;Grading-FLIP;192€;186€;Grading-FLIP;186€;141€;Grading-FLIP;141€;117€;Grading-ISR;117€;74€;Grading-ITP TECHNOLOGIE;74€
85-116;CompaRecycle;01/06/2026;45200;Apple;iPhone 16e e-Sim 256Go;Mobile;206€;Grading-SimplyUsed;206€;193€;Grading-SimplyUsed;193€;177€;Grading-SimplyUsed;177€;162€;Grading-SimplyUsed;162€;131€;Grading-ITP TECHNOLOGIE;131€;19€;Grading-SimplyUsed;19€;10€;Grading-SimplyUsed;10€
85-116;CompaRecycle;01/06/2026;39657;Apple;iPhone 14 e-SIM 256Go;Mobile;205€;Grading-Ecofone;205€;204€;Grading-Ecofone;204€;209€;Grading-Ecofone;209€;203€;Grading-Ecofone;203€;178€;Grading-ITP TECHNOLOGIE;178€;106€;Grading-ITP TECHNOLOGIE;106€;85€;Grading-ITP TECHNOLOGIE;85€
85-116;CompaRecycle;01/06/2026;39656;Apple;iPhone 14 e-SIM 128Go;Mobile;203€;Grading-IMUDA;203€;209€;Grading-IMUDA;209€;207€;Grading-IMUDA;207€;201€;Grading-ITP TECHNOLOGIE;201€;178€;Grading-ITP TECHNOLOGIE;178€;102€;Grading-ITP TECHNOLOGIE;102€;71€;Grading-ITP TECHNOLOGIE;71€
85-116;CompaRecycle;01/06/2026;38536;Apple;iPhone 13 128Go;Mobile;200€;Grading-MILERS;200€;199€;Grading-MILERS;199€;197€;Grading-MILERS;197€;181€;Grading-MILERS;181€;164€;Grading-MILERS;164€;117€;Grading-ISR;117€;102€;Grading-MILERS;102€
85-116;CompaRecycle;01/06/2026;34358;Apple;iPhone 11 Pro Max 512Go;Mobile;195€;Grading-FLIP;195€;195€;Grading-FLIP;195€;167€;Grading-Ecofone;167€;157€;Grading-FLIP;157€;116€;Grading-FLIP;116€;97€;Grading-ISR;97€;49€;Grading-QUOTIDIAN;49€
85-116;CompaRecycle;01/06/2026;36551;Apple;iPhone 12 Pro 256Go;Mobile;193€;Grading-ADB;193€;189€;Grading-ADB;189€;164€;Grading-IMUDA;164€;162€;Grading-MobileRecycle;162€;143€;Grading-Phonestock;143€;127€;Grading-ISR;127€;63€;Grading-ITP TECHNOLOGIE;63€
85-116;CompaRecycle;01/06/2026;38539;Apple;iPhone 13 Mini 128Go;Mobile;179€;Grading-bloo;179€;174€;Grading-RINGY;174€;160€;Grading-RINGY;160€;148€;Grading-FLIP;148€;117€;Grading-ITP TECHNOLOGIE;117€;104€;Grading-ISR;104€;59€;Grading-Coqwel;59€
85-116;CompaRecycle;01/06/2026;36550;Apple;iPhone 12 Pro 128Go;Mobile;175€;Grading-MILERS;175€;170€;Grading-MILERS;170€;156€;Grading-MILERS;156€;140€;Grading-ITP TECHNOLOGIE;140€;140€;Grading-ITP TECHNOLOGIE;140€;110€;Grading-ISR;110€;54€;Grading-ITP TECHNOLOGIE;54€
85-116;CompaRecycle;01/06/2026;39659;Apple;iPhone 14 Plus e-SIM 128Go;Mobile;168€;Grading-IMUDA;168€;168€;Grading-IMUDA;168€;163€;Grading-IMUDA;163€;162€;Grading-Ecofone;162€;147€;Grading-IMUDA;147€;60€;Grading-Phonestock;60€;39€;Grading-ITP TECHNOLOGIE;39€
85-116;CompaRecycle;01/06/2026;36549;Apple;iPhone 12 256Go;Mobile;160€;Grading-FLIP;160€;151€;Grading-FLIP;151€;131€;Grading-FLIP;131€;126€;Grading-FLIP;126€;121€;Grading-FLIP;121€;68€;Grading-Phonestock;68€;46€;Grading-MILERS;46€
85-116;CompaRecycle;01/06/2026;34349;Apple;iPhone 11 Pro 512Go;Mobile;157€;Grading-ADB;157€;157€;Grading-ADB;157€;130€;Grading-ADB;130€;127€;Grading-VALYUU;127€;116€;Grading-Phonestock;116€;73€;Grading-ISR;73€;49€;Grading-ITP TECHNOLOGIE;49€
85-116;CompaRecycle;01/06/2026;34357;Apple;iPhone 11 Pro Max 256Go;Mobile;151€;Grading-MILERS;151€;146€;Grading-MILERS;146€;131€;Grading-MILERS;131€;112€;Grading-MILERS;112€;91€;Grading-Phonestock;91€;79€;Grading-ISR;79€;49€;Grading-QUOTIDIAN;49€
85-116;CompaRecycle;01/06/2026;45199;Apple;iPhone 16e e-Sim 128Go;Mobile;151€;Grading-SimplyUsed;151€;144€;Grading-SimplyUsed;144€;96€;Grading-SimplyUsed;96€;84€;Grading-SimplyUsed;84€;45€;Grading-SimplyUsed;45€;15€;Grading-ITP TECHNOLOGIE;15€;6€;Grading-ITP TECHNOLOGIE;6€
85-116;CompaRecycle;01/06/2026;34348;Apple;iPhone 11 Pro 256Go;Mobile;136€;Grading-ADB;136€;130€;Grading-FLIP;130€;123€;Grading-FLIP;123€;112€;Grading-FLIP;112€;102€;Grading-FLIP;102€;70€;Grading-ISR;70€;23€;Grading-QUOTIDIAN;23€
85-116;CompaRecycle;01/06/2026;34356;Apple;iPhone 11 Pro Max 64Go;Mobile;133€;Grading-MILERS;133€;132€;Grading-MILERS;132€;119€;Grading-MILERS;119€;105€;Grading-MILERS;105€;84€;Grading-FLIP;84€;65€;Grading-ISR;65€;31€;Grading-QUOTIDIAN;31€
85-116;CompaRecycle;01/06/2026;36546;Apple;iPhone 12 Mini 256Go;Mobile;130€;Grading-bloo;130€;125€;Grading-FLIP;125€;111€;Grading-FLIP;111€;108€;Grading-MobileRecycle;108€;90€;Grading-FLIP;90€;55€;Grading-ISR;55€;20€;Grading-ITP TECHNOLOGIE;20€
85-116;CompaRecycle;01/06/2026;36545;Apple;iPhone 12 Mini 128Go;Mobile;120€;Grading-bloo;120€;114€;Grading-FLIP;114€;90€;Grading-IMUDA;90€;73€;Grading-FLIP;73€;56€;Grading-FLIP;56€;38€;Grading-ISR;38€;20€;Grading-ITP TECHNOLOGIE;20€
85-116;CompaRecycle;01/06/2026;36548;Apple;iPhone 12 128Go;Mobile;120€;Grading-GradeMobile;120€;116€;Grading-MILERS;116€;111€;Grading-MILERS;111€;96€;Grading-MILERS;96€;78€;Grading-MILERS;78€;54€;Grading-QUOTIDIAN;54€;46€;Grading-QUOTIDIAN;46€
85-116;CompaRecycle;01/06/2026;39230;Apple;iPhone SE 5G 2022 256Go;Mobile;120€;Grading-ADB;120€;104€;Grading-ADB;104€;94€;Grading-ADB;94€;87€;Grading-VALYUU;87€;68€;Grading-Phonestock;68€;45€;Grading-ISR;45€;27€;Grading-ITP TECHNOLOGIE;27€
85-116;CompaRecycle;01/06/2026;34340;Apple;iPhone 11 256Go;Mobile;110€;Grading-Ecofone;110€;106€;Grading-Ecofone;106€;101€;Grading-Ecofone;101€;82€;Grading-Ecofone;82€;71€;Grading-Phonestock;71€;55€;Grading-ISR;55€;18€;Grading-ITP TECHNOLOGIE;18€
85-116;CompaRecycle;01/06/2026;36547;Apple;iPhone 12 64Go;Mobile;109€;Grading-ADB;109€;106€;Grading-MILERS;106€;86€;Grading-IMUDA;86€;78€;Grading-MILERS;78€;78€;Grading-MILERS;78€;46€;Grading-ISR;46€;33€;Grading-QUOTIDIAN;33€
85-116;CompaRecycle;01/06/2026;39229;Apple;iPhone SE 5G 2022 128Go;Mobile;102€;Grading-VALYUU;102€;102€;Grading-VALYUU;102€;92€;Grading-VALYUU;92€;87€;Grading-VALYUU;87€;65€;Grading-Phonestock;65€;42€;Grading-ISR;42€;27€;Grading-ITP TECHNOLOGIE;27€
85-116;CompaRecycle;01/06/2026;34339;Apple;iPhone 11 128Go;Mobile;97€;Grading-KYKLOS;97€;97€;Grading-KYKLOS;97€;90€;Grading-FLIP;90€;65€;Grading-ISR;65€;59€;Grading-FLIP;59€;48€;Grading-ISR;48€;12€;Grading-QUOTIDIAN;12€
85-116;CompaRecycle;01/06/2026;34347;Apple;iPhone 11 Pro 64Go;Mobile;96€;Grading-Ecofone;96€;94€;Grading-MILERS;94€;92€;Grading-MILERS;92€;81€;Grading-MILERS;81€;62€;Grading-ISR;62€;46€;Grading-ISR;46€;23€;Grading-QUOTIDIAN;23€
85-116;CompaRecycle;01/06/2026;31867;Apple;iPhone XS Max 512Go;Mobile;85€;Grading-VALYUU;85€;85€;Grading-VALYUU;85€;73€;Grading-VALYUU;73€;73€;Grading-VALYUU;73€;36€;Grading-Phonestock;36€;23€;Grading-ISR;23€;14€;Grading-QUOTIDIAN;14€
85-116;CompaRecycle;01/06/2026;36544;Apple;iPhone 12 Mini 64Go;Mobile;85€;Grading-bloo;85€;79€;Grading-FLIP;79€;72€;Grading-IMUDA;72€;58€;Grading-ISR;58€;50€;Grading-ISR;50€;32€;Grading-ISR;32€;10€;Grading-ISR;10€
85-116;CompaRecycle;01/06/2026;31866;Apple;iPhone XS Max 256Go;Mobile;70€;Grading-KYKLOS;70€;65€;Grading-ISR;65€;65€;Grading-ISR;65€;65€;Grading-ISR;65€;31€;Grading-QUOTIDIAN;31€;21€;Grading-QUOTIDIAN;21€;14€;Grading-QUOTIDIAN;14€
85-116;CompaRecycle;01/06/2026;34338;Apple;iPhone 11 64Go;Mobile;65€;Grading-ADB;65€;65€;Grading-LANDIPHONE;65€;65€;Grading-LANDIPHONE;65€;55€;Grading-FLIP;55€;48€;Grading-QUOTIDIAN;48€;28€;Grading-QUOTIDIAN;28€;12€;Grading-QUOTIDIAN;12€
85-116;CompaRecycle;01/06/2026;39228;Apple;iPhone SE 5G 2022 64Go;Mobile;65€;Grading-ISR;65€;65€;Grading-ISR;65€;65€;Grading-ISR;65€;62€;Grading-ISR;62€;48€;Grading-ISR;48€;28€;Grading-ISR;28€;10€;Grading-SimplyUsed;10€
85-116;CompaRecycle;01/06/2026;31879;Apple;iPhone XR 256Go;Mobile;57€;Grading-Phonestock;57€;53€;Grading-Phonestock;53€;45€;Grading-ISR;45€;40€;Grading-ISR;40€;37€;Grading-QUOTIDIAN;37€;27€;Grading-QUOTIDIAN;27€;20€;Grading-ITP TECHNOLOGIE;20€
85-116;CompaRecycle;01/06/2026;31855;Apple;iPhone XS 512Go;Mobile;55€;Grading-KYKLOS;55€;55€;Grading-KYKLOS;55€;47€;Grading-KYKLOS;47€;40€;Grading-ISR;40€;37€;Grading-ISR;37€;29€;Grading-ISR;29€;8€;Grading-ITP TECHNOLOGIE;8€
85-116;CompaRecycle;01/06/2026;35619;Apple;iPhone SE 2020 256Go;Mobile;53€;Grading-Ecofone;53€;43€;Grading-Ecofone;43€;35€;Grading-Ecofone;35€;30€;Grading-Ecofone;30€;28€;Grading-ISR;28€;9€;Grading-ISR;9€;6€;Grading-ITP TECHNOLOGIE;6€
85-116;CompaRecycle;01/06/2026;31854;Apple;iPhone XS 256Go;Mobile;50€;Grading-KYKLOS;50€;50€;Grading-KYKLOS;50€;43€;Grading-ISR;43€;40€;Grading-ISR;40€;37€;Grading-ISR;37€;29€;Grading-ISR;29€;8€;Grading-ITP TECHNOLOGIE;8€
85-116;CompaRecycle;01/06/2026;31865;Apple;iPhone XS Max 64Go;Mobile;45€;Grading-ISR;45€;45€;Grading-ISR;45€;45€;Grading-ISR;45€;35€;Grading-ISR;35€;26€;Grading-QUOTIDIAN;26€;8€;Grading-QUOTIDIAN;8€;0€;;0€
85-116;CompaRecycle;01/06/2026;31878;Apple;iPhone XR 128Go;Mobile;45€;Grading-ISR;45€;45€;Grading-ISR;45€;40€;Grading-ISR;40€;37€;Grading-QUOTIDIAN;37€;37€;Grading-QUOTIDIAN;37€;27€;Grading-QUOTIDIAN;27€;3€;Grading-QUOTIDIAN;3€
85-116;CompaRecycle;01/06/2026;29325;Apple;iPhone X 256Go;Mobile;40€;Grading-ISR;40€;40€;Grading-ISR;40€;40€;Grading-ISR;40€;32€;Grading-ISR;32€;30€;Grading-ISR;30€;19€;Grading-ISR;19€;6€;Grading-ITP TECHNOLOGIE;6€
85-116;CompaRecycle;01/06/2026;31853;Apple;iPhone XS 64Go;Mobile;40€;Grading-ISR;40€;40€;Grading-ISR;40€;40€;Grading-ISR;40€;25€;Grading-ISR;25€;20€;Grading-ISR;20€;14€;Grading-ISR;14€;0€;;0€
85-116;CompaRecycle;01/06/2026;31877;Apple;iPhone XR 64Go;Mobile;36€;Grading-QUOTIDIAN;36€;36€;Grading-QUOTIDIAN;36€;36€;Grading-QUOTIDIAN;36€;28€;Grading-QUOTIDIAN;28€;28€;Grading-QUOTIDIAN;28€;21€;Grading-QUOTIDIAN;21€;0€;;0€
85-116;CompaRecycle;01/06/2026;35618;Apple;iPhone SE 2020 128Go;Mobile;35€;Grading-FLIP;35€;31€;Grading-FLIP;31€;27€;Grading-FLIP;27€;21€;Grading-FLIP;21€;18€;Grading-ISR;18€;9€;Grading-ISR;9€;6€;Grading-ITP TECHNOLOGIE;6€
85-116;CompaRecycle;01/06/2026;35617;Apple;iPhone SE 2020 64Go;Mobile;32€;Grading-ISR;32€;28€;Grading-ISR;28€;23€;Grading-ISR;23€;20€;Grading-ISR;20€;18€;Grading-ISR;18€;9€;Grading-ISR;9€;6€;Grading-ITP TECHNOLOGIE;6€
85-116;CompaRecycle;01/06/2026;29324;Apple;iPhone X 64Go;Mobile;30€;Grading-ISR;30€;30€;Grading-ISR;30€;30€;Grading-ISR;30€;30€;Grading-ISR;30€;17€;Grading-ISR;17€;11€;Grading-ISR;11€;0€;;0€
85-116;CompaRecycle;01/06/2026;29315;Apple;iPhone 8 Plus 256Go;Mobile;29€;Grading-ISR;29€;29€;Grading-ISR;29€;29€;Grading-ISR;29€;29€;Grading-ISR;29€;29€;Grading-ISR;29€;10€;Grading-ISR;10€;0€;;0€
85-116;CompaRecycle;01/06/2026;34436;Apple;iPhone 8 Plus 128Go;Mobile;23€;Grading-QUALIMOBILE;23€;22€;Grading-QUALIMOBILE;22€;21€;Grading-QUALIMOBILE;21€;17€;Grading-ISR;17€;10€;Grading-ISR;10€;1€;Grading-ISR;1€;0€;;0€
85-116;CompaRecycle;01/06/2026;29313;Apple;iPhone 8 256Go;Mobile;20€;Grading-KYKLOS;20€;20€;Grading-KYKLOS;20€;20€;Grading-ISR;20€;20€;Grading-ISR;20€;10€;Grading-ISR;10€;3€;Grading-ITP TECHNOLOGIE;3€;0€;;0€
85-116;CompaRecycle;01/06/2026;29314;Apple;iPhone 8 Plus 64Go;Mobile;20€;Grading-ISR;20€;20€;Grading-ISR;20€;20€;Grading-ISR;20€;15€;Grading-ISR;15€;10€;Grading-ISR;10€;1€;Grading-ISR;1€;0€;;0€
85-116;CompaRecycle;01/06/2026;34435;Apple;iPhone 8 128Go;Mobile;20€;Grading-KYKLOS;20€;20€;Grading-KYKLOS;20€;15€;Grading-ISR;15€;15€;Grading-ISR;15€;10€;Grading-ISR;10€;3€;Grading-ISR;3€;0€;;0€
85-116;CompaRecycle;01/06/2026;29312;Apple;iPhone 8 64Go;Mobile;13€;Grading-ISR;13€;13€;Grading-ISR;13€;13€;Grading-ISR;13€;12€;Grading-ISR;12€;10€;Grading-ISR;10€;3€;Grading-ISR;3€;0€;;0€
85-116;CompaRecycle;01/06/2026;15649;Apple;iPhone 7 Plus 256Go;Mobile;12€;Grading-ISR;12€;12€;Grading-ISR;12€;12€;Grading-ISR;12€;10€;Grading-ISR;10€;8€;Grading-ISR;8€;0€;;0€;0€;;0€
85-116;CompaRecycle;01/06/2026;260;Apple;iPhone 3G;Mobile;0€;;0€;0€;;0€;0€;;0€;0€;;0€;0€;;0€;0€;;0€;0€;;0€
85-116;CompaRecycle;01/06/2026;3994;Apple;iPhone 4 8Go;Mobile;0€;;0€;0€;;0€;0€;;0€;0€;;0€;0€;;0€;0€;;0€;0€;;0€
85-116;CompaRecycle;01/06/2026;10640;Apple;iPhone 4S 8Go;Mobile;0€;;0€;0€;;0€;0€;;0€;0€;;0€;0€;;0€;0€;;0€;0€;;0€
85-116;CompaRecycle;01/06/2026;12282;Apple;iPhone 5 16Go;Mobile;0€;;0€;0€;;0€;0€;;0€;0€;;0€;0€;;0€;0€;;0€;0€;;0€
85-116;CompaRecycle;01/06/2026;13627;Apple;iPhone 5S 16Go;Mobile;0€;;0€;0€;;0€;0€;;0€;0€;;0€;0€;;0€;0€;;0€;0€;;0€
85-116;CompaRecycle;01/06/2026;13628;Apple;iPhone 5C 32Go;Mobile;0€;;0€;0€;;0€;0€;;0€;0€;;0€;0€;;0€;0€;;0€;0€;;0€
85-116;CompaRecycle;01/06/2026;13629;Apple;iPhone 5C 16Go;Mobile;0€;;0€;0€;;0€;0€;;0€;0€;;0€;0€;;0€;0€;;0€;0€;;0€
85-116;CompaRecycle;01/06/2026;13633;Apple;iPhone 5C 64Go;Mobile;0€;;0€;0€;;0€;0€;;0€;0€;;0€;0€;;0€;0€;;0€;0€;;0€
85-116;CompaRecycle;01/06/2026;13857;Apple;iPhone 5C 8Go;Mobile;0€;;0€;0€;;0€;0€;;0€;0€;;0€;0€;;0€;0€;;0€;0€;;0€
85-116;CompaRecycle;01/06/2026;13935;Apple;iPhone 6 Plus 128Go;Mobile;0€;;0€;0€;;0€;0€;;0€;0€;;0€;0€;;0€;0€;;0€;0€;;0€
85-116;CompaRecycle;01/06/2026;13936;Apple;iPhone 6 Plus 64Go;Mobile;0€;;0€;0€;;0€;0€;;0€;0€;;0€;0€;;0€;0€;;0€;0€;;0€
85-116;CompaRecycle;01/06/2026;13937;Apple;iPhone 6 128Go;Mobile;0€;;0€;0€;;0€;0€;;0€;0€;;0€;0€;;0€;0€;;0€;0€;;0€
85-116;CompaRecycle;01/06/2026;13938;Apple;iPhone 6 64Go;Mobile;0€;;0€;0€;;0€;0€;;0€;0€;;0€;0€;;0€;0€;;0€;0€;;0€
85-116;CompaRecycle;01/06/2026;13940;Apple;iPhone 6 16Go;Mobile;0€;;0€;0€;;0€;0€;;0€;0€;;0€;0€;;0€;0€;;0€;0€;;0€
85-116;CompaRecycle;01/06/2026;13941;Apple;iPhone 6 Plus 16Go;Mobile;0€;;0€;0€;;0€;0€;;0€;0€;;0€;0€;;0€;0€;;0€;0€;;0€
85-116;CompaRecycle;01/06/2026;14406;Apple;iPhone 6S 16Go;Mobile;0€;;0€;0€;;0€;0€;;0€;0€;;0€;0€;;0€;0€;;0€;0€;;0€
85-116;CompaRecycle;01/06/2026;14407;Apple;iPhone 6S 64Go;Mobile;0€;;0€;0€;;0€;0€;;0€;0€;;0€;0€;;0€;0€;;0€;0€;;0€
85-116;CompaRecycle;01/06/2026;14408;Apple;iPhone 6S 128Go;Mobile;0€;;0€;0€;;0€;0€;;0€;0€;;0€;0€;;0€;0€;;0€;0€;;0€
85-116;CompaRecycle;01/06/2026;14409;Apple;iPhone 6S Plus 16Go;Mobile;0€;;0€;0€;;0€;0€;;0€;0€;;0€;0€;;0€;0€;;0€;0€;;0€
85-116;CompaRecycle;01/06/2026;14410;Apple;iPhone 6S Plus 64Go;Mobile;0€;;0€;0€;;0€;0€;;0€;0€;;0€;0€;;0€;0€;;0€;0€;;0€
85-116;CompaRecycle;01/06/2026;14411;Apple;iPhone 6S Plus 128Go;Mobile;0€;;0€;0€;;0€;0€;;0€;0€;;0€;0€;;0€;0€;;0€;0€;;0€
85-116;CompaRecycle;01/06/2026;14750;Apple;Iphone 6 32Go;Mobile;0€;;0€;0€;;0€;0€;;0€;0€;;0€;0€;;0€;0€;;0€;0€;;0€
85-116;CompaRecycle;01/06/2026;15298;Apple;iPhone SE 16Go;Mobile;0€;;0€;0€;;0€;0€;;0€;0€;;0€;0€;;0€;0€;;0€;0€;;0€
85-116;CompaRecycle;01/06/2026;15299;Apple;iPhone SE 64Go;Mobile;0€;;0€;0€;;0€;0€;;0€;0€;;0€;0€;;0€;0€;;0€;0€;;0€
85-116;CompaRecycle;01/06/2026;15644;Apple;iPhone 7 32Go;Mobile;0€;;0€;0€;;0€;0€;;0€;0€;;0€;0€;;0€;0€;;0€;0€;;0€
85-116;CompaRecycle;01/06/2026;15645;Apple;iPhone 7 128Go;Mobile;0€;;0€;0€;;0€;0€;;0€;0€;;0€;0€;;0€;0€;;0€;0€;;0€
85-116;CompaRecycle;01/06/2026;15646;Apple;iPhone 7 256Go;Mobile;0€;;0€;0€;;0€;0€;;0€;0€;;0€;0€;;0€;0€;;0€;0€;;0€
85-116;CompaRecycle;01/06/2026;15647;Apple;iPhone 7 Plus 32Go;Mobile;0€;;0€;0€;;0€;0€;;0€;0€;;0€;0€;;0€;0€;;0€;0€;;0€
85-116;CompaRecycle;01/06/2026;15648;Apple;iPhone 7 Plus 128Go;Mobile;0€;;0€;0€;;0€;0€;;0€;0€;;0€;0€;;0€;0€;;0€;0€;;0€
85-116;CompaRecycle;01/06/2026;15650;Apple;iPhone 6S 32Go;Mobile;0€;;0€;0€;;0€;0€;;0€;0€;;0€;0€;;0€;0€;;0€;0€;;0€
85-116;CompaRecycle;01/06/2026;15651;Apple;iPhone 6S Plus 32Go;Mobile;0€;;0€;0€;;0€;0€;;0€;0€;;0€;0€;;0€;0€;;0€;0€;;0€
85-116;CompaRecycle;01/06/2026;27956;Apple;iPhone SE 128Go;Mobile;0€;;0€;0€;;0€;0€;;0€;0€;;0€;0€;;0€;0€;;0€;0€;;0€
85-116;CompaRecycle;01/06/2026;27960;Apple;iPhone SE 32Go;Mobile;0€;;0€;0€;;0€;0€;;0€;0€;;0€;0€;;0€;0€;;0€;0€;;0€
85-116;CompaRecycle;01/06/2026;32743;Apple;iPhone 3GS 8Go USA;Mobile;0€;;0€;0€;;0€;0€;;0€;0€;;0€;0€;;0€;0€;;0€;0€;;0€
85-116;CompaRecycle;01/06/2026;43128;Apple;Non référencé - iPhone;Mobile;0€;;0€;0€;;0€;0€;;0€;0€;;0€;0€;;0€;0€;;0€;0€;;0€